{
    "loss": [
        0.35927867889404297,
        0.1788400560617447,
        0.1478244662284851,
        0.13056322932243347,
        0.1225326731801033,
        0.11341127753257751,
        0.10959535092115402,
        0.10608795285224915,
        0.10112737119197845,
        0.09891900420188904,
        0.09624361991882324,
        0.09461034834384918,
        0.0918707475066185,
        0.08982417732477188,
        0.08914769440889359,
        0.08714417368173599,
        0.08768149465322495
    ],
    "accuracy": [
        0.9049000144004822,
        0.9703333377838135,
        0.9777166843414307,
        0.9800999760627747,
        0.9818000197410583,
        0.9833666682243347,
        0.9837499856948853,
        0.9844499826431274,
        0.985450029373169,
        0.9852833151817322,
        0.9859333038330078,
        0.9865666627883911,
        0.9869333505630493,
        0.9868500232696533,
        0.9873499870300293,
        0.9879166483879089,
        0.987666666507721
    ],
    "val_loss": [
        0.17157968878746033,
        0.1380833238363266,
        0.12050539255142212,
        0.12006905674934387,
        0.10662838816642761,
        0.1060040146112442,
        0.09957438707351685,
        0.09845810383558273,
        0.10705731809139252,
        0.09643406420946121,
        0.09755780547857285,
        0.09493906795978546,
        0.09151910245418549,
        0.09071388840675354,
        0.09085508435964584,
        0.09122586995363235,
        0.09231648594141006
    ],
    "val_accuracy": [
        0.9707333445549011,
        0.9800333380699158,
        0.982866644859314,
        0.9818333387374878,
        0.9842666387557983,
        0.9851333498954773,
        0.9851666688919067,
        0.9857666492462158,
        0.9837666749954224,
        0.98580002784729,
        0.9853666424751282,
        0.9862333536148071,
        0.9863666892051697,
        0.9865666627883911,
        0.9870666861534119,
        0.9868000149726868,
        0.9866666793823242
    ]
}